<ImportExportXml version="6.1.0000.0581" SolutionPackageVersion="6.0" languagecode="1033" generatedBy="OnPremise" xmlns:xsi="http://www.w3.org/2001/XMLSchema-instance">
  <SolutionManifest>
    <UniqueName>RibbonWorkbench2013</UniqueName>
    <LocalizedNames>
      <LocalizedName description="Ribbon Workbench 2013/2015/2016" languagecode="1033" />
    </LocalizedNames>
    <Descriptions>
      <Description description="2.0.1.2&#xA;-Correctly Load Application Ribbon in CRM2016&#xA;2.0.1.1&#xA;-CRM2016 Support&#xA;2.0.0.7&#xA;-Required Update&#xA;2.0.0.6&#xA;-CRM2015 support&#xA;-Fixed issue with moving groups on command bar&#xA;-Menu Section titles are persisted&#xA;&#xA;2.0.0.5&#xA;-ValueRule allows empty string values&#xA;&#xA;2.0.0.4&#xA;-Support for Leo&#xA;&#xA;2.0.0.3 &#xA;-Some buttons were not show on the Command Bar editor&#xA;-Added checks for duplicated HideActions and CustomActions&#xA;&#xA;2.0.0.2 Beta&#xA;-Fixed schema issue&#xA;-Added dynamic hide/show based on CommandClientTypeRule&#xA;&#xA;2.0.0.1 Beta&#xA;-Support for Command Bar&#xA;-Support for new 2013 Ribbon Schema&#xA;-UI Refresh&#xA;-Performance Optimisations" languagecode="1033" />
    </Descriptions>
    <Version>2.0.1.3</Version>
    <Managed>1</Managed>
    <ConfigurationPage>dev1_/RWB2013/RibbonWorkbench.htm</ConfigurationPage>
    <Publisher>
      <UniqueName>develop1ltd</UniqueName>
      <LocalizedNames>
        <LocalizedName description="Develop 1 Ltd" languagecode="1033" />
      </LocalizedNames>
      <Descriptions />
      <EMailAddress xsi:nil="true"></EMailAddress>
      <SupportingWebsiteUrl xsi:nil="true"></SupportingWebsiteUrl>
      <CustomizationPrefix>dev1</CustomizationPrefix>
      <CustomizationOptionValuePrefix>77076</CustomizationOptionValuePrefix>
      <Addresses>
        <Address>
          <AddressNumber>1</AddressNumber>
          <AddressTypeCode>1</AddressTypeCode>
          <City xsi:nil="true"></City>
          <County xsi:nil="true"></County>
          <Country xsi:nil="true"></Country>
          <Fax xsi:nil="true"></Fax>
          <FreightTermsCode xsi:nil="true"></FreightTermsCode>
          <ImportSequenceNumber xsi:nil="true"></ImportSequenceNumber>
          <Latitude xsi:nil="true"></Latitude>
          <Line1 xsi:nil="true"></Line1>
          <Line2 xsi:nil="true"></Line2>
          <Line3 xsi:nil="true"></Line3>
          <Longitude xsi:nil="true"></Longitude>
          <Name xsi:nil="true"></Name>
          <PostalCode xsi:nil="true"></PostalCode>
          <PostOfficeBox xsi:nil="true"></PostOfficeBox>
          <PrimaryContactName xsi:nil="true"></PrimaryContactName>
          <ShippingMethodCode>1</ShippingMethodCode>
          <StateOrProvince xsi:nil="true"></StateOrProvince>
          <Telephone1 xsi:nil="true"></Telephone1>
          <Telephone2 xsi:nil="true"></Telephone2>
          <Telephone3 xsi:nil="true"></Telephone3>
          <TimeZoneRuleVersionNumber xsi:nil="true"></TimeZoneRuleVersionNumber>
          <UPSZone xsi:nil="true"></UPSZone>
          <UTCOffset xsi:nil="true"></UTCOffset>
          <UTCConversionTimeZoneCode xsi:nil="true"></UTCConversionTimeZoneCode>
        </Address>
        <Address>
          <AddressNumber>2</AddressNumber>
          <AddressTypeCode>1</AddressTypeCode>
          <City xsi:nil="true"></City>
          <County xsi:nil="true"></County>
          <Country xsi:nil="true"></Country>
          <Fax xsi:nil="true"></Fax>
          <FreightTermsCode xsi:nil="true"></FreightTermsCode>
          <ImportSequenceNumber xsi:nil="true"></ImportSequenceNumber>
          <Latitude xsi:nil="true"></Latitude>
          <Line1 xsi:nil="true"></Line1>
          <Line2 xsi:nil="true"></Line2>
          <Line3 xsi:nil="true"></Line3>
          <Longitude xsi:nil="true"></Longitude>
          <Name xsi:nil="true"></Name>
          <PostalCode xsi:nil="true"></PostalCode>
          <PostOfficeBox xsi:nil="true"></PostOfficeBox>
          <PrimaryContactName xsi:nil="true"></PrimaryContactName>
          <ShippingMethodCode>1</ShippingMethodCode>
          <StateOrProvince xsi:nil="true"></StateOrProvince>
          <Telephone1 xsi:nil="true"></Telephone1>
          <Telephone2 xsi:nil="true"></Telephone2>
          <Telephone3 xsi:nil="true"></Telephone3>
          <TimeZoneRuleVersionNumber xsi:nil="true"></TimeZoneRuleVersionNumber>
          <UPSZone xsi:nil="true"></UPSZone>
          <UTCOffset xsi:nil="true"></UTCOffset>
          <UTCConversionTimeZoneCode xsi:nil="true"></UTCConversionTimeZoneCode>
        </Address>
      </Addresses>
    </Publisher>
    <RootComponents>
      <RootComponent type="50" schemaName=":RibbonDiffXml" />
      <RootComponent type="61" schemaName="dev1_/RWB2013/RibbonWorkbench.htm" />
      <RootComponent type="61" schemaName="dev1_/RWB2013/RibbonWorkbench.xap" />
      <RootComponent type="61" schemaName="dev1_/RWB2013/RibbonWorkbench16.png" />
      <RootComponent type="61" schemaName="dev1_/RWB2013/RibbonWorkbench32.png" />
      <RootComponent type="61" schemaName="dev1_/RWB2013/Silverlight.js" />
    </RootComponents>
    <MissingDependencies />
  </SolutionManifest>
</ImportExportXml>